text,emotion
wait so how is the lecture notes related to the other stuff we learned,Curious
Feels great knowing I can handle this Python error on my own now.,Confident
yawn... statistics homework is not holding my attention today,Bored
"I'm ready to tackle the reading assignment head on, no worries.",Confident
I keep hitting the same wall with machine learning basics and I'm over it.,Frustrated
"this is so annoying, this lab report keeps breaking on me",Frustrated
"Not gonna lie, the presentation slides is putting me to sleep before the deadline.",Bored
"no more stress over this chemistry equation, i know what im doing",Confident
I don't understand this French verb tense at all while studying alone.,Confused
I walked through binary search step by step and it clicked.,Confident
SQL joins is being so difficult for no reason,Frustrated
I'm not sure what the question is even asking about the exam material.,Confused
"at my limit with this loop, ive tried literally everything",Frustrated
"Finally cracked the lecture notes, I know exactly what I'm doing.",Confident
is there a cool real world use case for machine learning basics?,Curious
"I actually understand this chemistry equation now, this makes sense.",Confident
"None of this makes sense, especially data structures.",Confused
"im not even worried about the group project plan anymore, got it down",Confident
I keep wanting to ask more questions about the coding assignment.,Curious
"ooh wait thats interesting, how does my code actually work under the hood?",Curious
"I'd love to explore the lecture notes further, it's more fascinating than I expected.",Curious
not even a little interested in the assignment instructions tbh,Bored
zoned out like 3 times reading about this French verb tense,Bored
is there a cool real world use case for the reading assignment?,Curious
I'm confident I can explain the research paper thesis to someone else now.,Confident
cant tell whats going on with binary search at all,Confused
"im losing my mind over the exam material, nothing helps",Frustrated
I've reread my code three times and I'm still confused.,Confused
I don't feel motivated to keep going through this loop right now.,Bored
this economics concept is just not making sense no matter how many times i read it,Confused
"im mixing up this French verb tense with something else i think, so unclear",Confused
I've tried everything and the coding assignment still isn't working in class today.,Frustrated
I don't feel motivated to keep going through the reading assignment right now.,Bored
"the history reading isn't clicking for me, what am I missing?",Confused
wait what?? this physics problem set makes zero sense to me,Confused
wait what?? this economics concept makes zero sense to me,Confused
the assignment instructions is a total blur to me right now,Confused
"nailed it, the exam material works exactly how it should now",Confident
"nailed it, this proof works exactly how it should now",Confident
"Honestly the research paper thesis feels so repetitive, I keep zoning out.",Bored
I keep wanting to ask more questions about the lecture notes.,Curious
why does this economics concept feel like a different language,Confused
"Finally cracked thermodynamics, I know exactly what I'm doing.",Confident
"Same old stuff with statistics homework, nothing new is grabbing my attention.",Bored
I'm stuck on thermodynamics and it's making me want to give up.,Frustrated
I keep wanting to ask more questions about machine learning basics.,Curious
"I'm intrigued by the coding assignment, is there a real-world example?",Curious
"im losing my mind over the essay outline, nothing helps",Frustrated
"kinda curious now, is there more to my code than what we covered?",Curious
why does this French verb tense keep failing every single time i try,Frustrated
I've been staring at the group project plan right now and I just can't focus anymore.,Bored
wait what?? this physics problem set makes zero sense to me,Confused
"this Python error is just... nothing new, kinda bored",Bored
"This made me wonder about this French verb tense, can you explain more?",Curious
"why is object-oriented programming so dry, i can barely stay awake",Bored
"Something about my code sparked my interest, tell me more.",Curious
I feel solid going into the next part of the coding assignment.,Confident
pretty sure i can handle SQL joins no problem now,Confident
so is this French verb tense used in real projects or just theory,Curious
I keep hitting the same wall with this Python error and I'm over it.,Frustrated
I'm out of patience with statistics homework at this point.,Frustrated
"solid on object-oriented programming now, ready for whatevers next",Confident
idk what im even looking at with the coding assignment,Confused
"why wont this lab report just work already, im so over it",Frustrated
"why wont the history reading just work already, im so over it",Frustrated
Now I'm curious how machine learning basics connects to what we learned before.,Curious
i keep drifting off thinking about literally anything else during this grammar rule,Bored
"This part of data structures used to trip me up, but not anymore.",Confident
the lecture notes is being so difficult for no reason,Frustrated
"why does this formula even work like that, genuinely curious",Curious
I double-checked my work on the exam material and it all adds up.,Confident
I don't understand binary search at all before the exam.,Confused
This error in my code is driving me crazy.,Frustrated
"I'm intrigued by binary search, is there a real-world example?",Curious
"im losing my mind over this French verb tense, nothing helps",Frustrated
I don't feel motivated to keep going through the history reading right now.,Bored
"this French verb tense is just... nothing new, kinda bored",Bored
zoned out like 3 times reading about this loop,Bored
"Same old stuff with the essay outline, nothing new is grabbing my attention.",Bored
keep hitting the same error with this chemistry equation ugh,Frustrated
smh the assignment instructions is dragging on forever,Bored
"Wait, that's actually interesting — how does the group project plan really work?",Curious
"ooh wait thats interesting, how does this physics problem set actually work under the hood?",Curious
"the research paper thesis feels like it's going nowhere, I've lost interest.",Bored
the group project plan just isn't cooperating no matter what I try while studying alone.,Frustrated
"just aced a practice question on SQL joins, feeling great",Confident
I keep checking the clock instead of working on object-oriented programming.,Bored
"I want to dig deeper into binary search, there's more to it I think.",Curious
"This part of thermodynamics got me thinking, what else is related to it?",Curious
"This is so annoying, this Python error keeps breaking no matter what I do.",Frustrated
wait so how is SQL joins related to the other stuff we learned,Curious
I think I've finally got the hang of this formula!,Confident
pretty sure i can handle the exam material no problem now,Confident
Something about algorithms and complexity isn't making sense and I can't pinpoint why.,Confused
Something about photosynthesis isn't making sense and I can't pinpoint why.,Confused
I can't bring myself to care about the history reading today.,Bored
ive redone this physics problem set like 5 times and still broken,Frustrated
Feels great knowing I can handle machine learning basics on my own now.,Confident
I feel solid going into the next part of the lecture notes.,Confident
im actually feeling good about this loop for once,Confident
"this got me thinking about the coding assignment, wanna know more",Curious
"cant focus on this formula at all rn, so dull",Bored
Can someone explain the history reading? I have no idea what's going on.,Confused
"why does the presentation slides even work like that, genuinely curious",Curious
I can't bring myself to care about the biology diagram today.,Bored
"that part about the biology diagram was surprisingly interesting, more please",Curious
"What happens if we tweak this French verb tense a little, would it change things?",Curious
I walked through the biology diagram step by step and it clicked.,Confident
zoned out like 3 times reading about this French verb tense,Bored
"im not even worried about SQL joins anymore, got it down",Confident
"I actually understand SQL joins now, this makes sense.",Confident
I'm not sure what the question is even asking about this French verb tense.,Confused
Everything about data structures feels flat and uninteresting right now.,Bored
"None of this makes sense, especially the group project plan.",Confused
"this got me thinking about this French verb tense, wanna know more",Curious
I've been staring at this lab report before the exam and I just can't focus anymore.,Bored
"solid on the lecture notes now, ready for whatevers next",Confident
I can't bring myself to care about statistics homework today.,Bored
"this lab report finally makes sense, i got this",Confident
zoned out like 3 times reading about this formula,Bored
omg i think i finally figured out this calculus problem!!,Confident
This part of this French verb tense just doesn't add up to me.,Confused
so is the research paper thesis used in real projects or just theory,Curious
"None of this makes sense, especially algorithms and complexity.",Confused
not even a little interested in the presentation slides tbh,Bored
someone explain this lab report pls im so confused,Confused
I think I've finally got the hang of this physics problem set!,Confident
"this is so annoying, the assignment instructions keeps breaking on me",Frustrated
wait what?? this economics concept makes zero sense to me,Confused
Can someone explain this API? I have no idea what's going on.,Confused
"why wont the coding assignment just work already, im so over it",Frustrated
"that part about photosynthesis was surprisingly interesting, more please",Curious
"I'm just going through the motions with photosynthesis, not really engaged.",Bored
why does the presentation slides keep failing every single time i try,Frustrated
i keep drifting off thinking about literally anything else during object-oriented programming,Bored
I don't understand algorithms and complexity at all right now.,Confused
I've tried everything and machine learning basics still isn't working in class today.,Frustrated
i keep drifting off thinking about literally anything else during the coding assignment,Bored
ive redone the group project plan like 5 times and still broken,Frustrated
I feel solid going into the next part of this loop.,Confident
"im mixing up statistics homework with something else i think, so unclear",Confused
"why is this formula so dry, i can barely stay awake",Bored
"brain totally blanking on the research paper thesis, whats going on",Confused
this API just isn't cooperating no matter what I try before the exam.,Frustrated
"nailed it, the reading assignment works exactly how it should now",Confident
"this Python error feels like it's going nowhere, I've lost interest.",Bored
"at my limit with the group project plan, ive tried literally everything",Frustrated
"so done with this physics problem set, nothing is working no matter what",Frustrated
this loop is just not making sense no matter how many times i read it,Confused
"so frustrated rn, this chemistry equation just wont cooperate",Frustrated
"meh another this proof, we already know this stuff",Bored
"at my limit with this loop, ive tried literally everything",Frustrated
I've got a good grip on this Python error before the deadline.,Confident
"why does the presentation slides even work like that, genuinely curious",Curious
omg i think i finally figured out the exam material!!,Confident
"This part of this lab report used to trip me up, but not anymore.",Confident
"SQL joins feels like it's going nowhere, I've lost interest.",Bored
"yesss got this economics concept working, feeling good",Confident
This error in this chemistry equation is driving me crazy.,Frustrated
the coding assignment is just not making sense no matter how many times i read it,Confused
"None of this makes sense, especially my code.",Confused
"I keep getting mixed up on this French verb tense, it's unclear.",Confused
I feel solid going into the next part of the presentation slides.,Confident
"what would happen if we pushed this API further, curious to see",Curious
took a while but i totally get thermodynamics now,Confident
"Honestly this economics concept feels so repetitive, I keep zoning out.",Bored
yawn... this grammar rule is not holding my attention today,Bored
"why is my code so dry, i can barely stay awake",Bored
the essay outline is just not making sense no matter how many times i read it,Confused
"the assignment instructions finally makes sense, i got this",Confident
"brain totally blanking on the exam material, whats going on",Confused
"algorithms and complexity finally makes sense, i got this",Confident
Why does the research paper thesis keep going wrong every single time?,Frustrated
this lab report is just not making sense no matter how many times i read it,Confused
"im not even worried about the reading assignment anymore, got it down",Confident
"I'm so close to giving up on my code, it's exhausting.",Frustrated
"huh, i dont get the assignment instructions at all",Confused
I can't bring myself to care about binary search today.,Bored
"Wait, I'm lost — how does this formula even work?",Confused
"Meh, this grammar rule again... I've done this a hundred times.",Bored
I keep wanting to ask more questions about the group project plan.,Curious
Why does algorithms and complexity keep going wrong every single time?,Frustrated
I keep hitting the same wall with the exam material and I'm over it.,Frustrated
I wonder how this loop would apply outside of class.,Curious
I feel solid going into the next part of data structures.,Confident
cant tell whats going on with this chemistry equation at all,Confused
I keep wanting to ask more questions about this French verb tense.,Curious
"ugh why wont this grammar rule just work, ive tried everything",Frustrated
"I want to dig deeper into the coding assignment, there's more to it I think.",Curious
Now I'm curious how the coding assignment connects to what we learned before.,Curious
I'm confident I can explain the presentation slides to someone else now.,Confident
"this Python error feels like it's going nowhere, I've lost interest.",Bored
"never thought about binary search like that, want to learn more",Curious
"just aced a practice question on the biology diagram, feeling great",Confident
"im so lost with linear algebra rn, nothing is clicking",Confused
I keep hitting the same wall with SQL joins and I'm over it.,Frustrated
I've reread algorithms and complexity three times and I'm still confused.,Confused
"This is dragging on forever, this chemistry equation just isn't interesting to me.",Bored
This error in the exam material is driving me crazy.,Frustrated
"I keep getting mixed up on data structures, it's unclear.",Confused
I wonder how photosynthesis would apply outside of class.,Curious
I've been staring at the coding assignment for homework and I just can't focus anymore.,Bored
"cant focus on this physics problem set at all rn, so dull",Bored
"Pretty sure I nailed thermodynamics in class today, feeling good about it.",Confident
Everything about the group project plan feels flat and uninteresting right now.,Bored
"huh, i dont get the assignment instructions at all",Confused
"literally about to give up on binary search, im exhausted",Frustrated
I double-checked my work on recursion and it all adds up.,Confident
I wonder how data structures would apply outside of class.,Curious
I'm out of patience with this loop at this point.,Frustrated
"im so lost with this lab report rn, nothing is clicking",Confused
pretty sure i can handle this Python error no problem now,Confident
"that part about the coding assignment was surprisingly interesting, more please",Curious
yawn... this API is not holding my attention today,Bored
I've tried everything and this physics problem set still isn't working in today's lecture.,Frustrated
this calculus problem just isn't cooperating no matter what I try in class today.,Frustrated
this API is being so difficult for no reason,Frustrated
"literally about to give up on SQL joins, im exhausted",Frustrated
My brain just blanks every time I look at binary search.,Confused
I think I've finally got the hang of the reading assignment!,Confident
I wonder how my code would apply outside of class.,Curious
I've got a good grip on the history reading before the exam.,Confident
"I'm intrigued by thermodynamics, is there a real-world example?",Curious
Everything about statistics homework feels flat and uninteresting right now.,Bored
this this loop lecture is a snoozefest,Bored
why does this formula feel like a different language,Confused
"im so lost with this calculus problem rn, nothing is clicking",Confused
I can't bring myself to care about recursion today.,Bored
Everything about this loop feels flat and uninteresting right now.,Bored
"why wont SQL joins just work already, im so over it",Frustrated
I'm stuck on linear algebra and it's making me want to give up.,Frustrated
"nailed it, my code works exactly how it should now",Confident
"hmm what if we changed something in this Python error, would that break it?",Curious
so is statistics homework used in real projects or just theory,Curious
"hmm what if we changed something in the lecture notes, would that break it?",Curious
I'm stuck on photosynthesis and it's making me want to give up.,Frustrated
"This is dragging on forever, my code just isn't interesting to me.",Bored
Now I'm curious how the assignment instructions connects to what we learned before.,Curious
smh the group project plan is dragging on forever,Bored
I've been staring at the coding assignment and I just can't focus anymore.,Bored
I've spent hours on this calculus problem and I'm no closer to solving it.,Frustrated
"object-oriented programming finally makes sense, i got this",Confident
This error in algorithms and complexity is driving me crazy.,Frustrated
took a while but i totally get photosynthesis now,Confident
I keep checking the clock instead of working on thermodynamics.,Bored
this lab report is a total blur to me right now,Confused
"Meh, linear algebra again... I've done this a hundred times.",Bored
I've reread the presentation slides three times and I'm still confused.,Confused
omg i think i finally figured out algorithms and complexity!!,Confident
this physics problem set is just not making sense no matter how many times i read it,Confused
"never thought about photosynthesis like that, want to learn more",Curious
"my code feels like it's going nowhere, I've lost interest.",Bored
"I'm so close to giving up on this formula, it's exhausting.",Frustrated
I've tried everything and my code still isn't working again.,Frustrated
"I'm intrigued by this French verb tense, is there a real-world example?",Curious
"meh another binary search, we already know this stuff",Bored
"I'm just going through the motions with this French verb tense, not really engaged.",Bored
I walked through this formula step by step and it clicked.,Confident
idk what im even looking at with this French verb tense,Confused
idk what im even looking at with the assignment instructions,Confused
so is data structures used in real projects or just theory,Curious
I think I've finally got the hang of the reading assignment!,Confident
"so done with the exam material, nothing is working no matter what",Frustrated
"I'm intrigued by the research paper thesis, is there a real-world example?",Curious
someone explain the coding assignment pls im so confused,Confused
"I'm intrigued by the presentation slides, is there a real-world example?",Curious
"This is dragging on forever, this API just isn't interesting to me.",Bored
keep hitting the same error with the biology diagram ugh,Frustrated
Something about this calculus problem isn't making sense and I can't pinpoint why.,Confused
I don't understand algorithms and complexity at all for the group project.,Confused
"SQL joins feels like it's going nowhere, I've lost interest.",Bored
wait so how is this lab report related to the other stuff we learned,Curious
"yesss got the assignment instructions working, feeling good",Confident
Can someone explain this grammar rule? I have no idea what's going on.,Confused
"this is so annoying, my code keeps breaking on me",Frustrated
I'm confident I can explain this API to someone else now.,Confident
"Finally cracked this lab report, I know exactly what I'm doing.",Confident
omg i think i finally figured out this physics problem set!!,Confident
"ugh the research paper thesis again, so boring",Bored
"im mixing up this loop with something else i think, so unclear",Confused
"at my limit with the reading assignment, ive tried literally everything",Frustrated
"never thought about the essay outline like that, want to learn more",Curious
not even a little interested in SQL joins tbh,Bored
"Nothing I try fixes this loop, I'm getting really frustrated.",Frustrated
I can't bring myself to care about this Python error today.,Bored
I redo the assignment instructions again and again and it still doesn't work.,Frustrated
i keep drifting off thinking about literally anything else during this French verb tense,Bored
"this got me thinking about this calculus problem, wanna know more",Curious
I've been staring at the group project plan for the group project and I just can't focus anymore.,Bored
idk what im even looking at with SQL joins,Confused
"Honestly this loop feels so repetitive, I keep zoning out.",Bored
wait so how is recursion related to the other stuff we learned,Curious
"I want to dig deeper into this lab report, there's more to it I think.",Curious
"why does this proof even work like that, genuinely curious",Curious
Everything about this physics problem set feels flat and uninteresting right now.,Bored
omg i think i finally figured out this chemistry equation!!,Confident
i keep drifting off thinking about literally anything else during the reading assignment,Bored
"ugh why wont this French verb tense just work, ive tried everything",Frustrated
took a while but i totally get this calculus problem now,Confident
someone explain this chemistry equation pls im so confused,Confused
"im losing my mind over this French verb tense, nothing helps",Frustrated
"this doesnt add up, the history reading seems contradictory",Confused
cant tell whats going on with this loop at all,Confused
I feel solid going into the next part of this French verb tense.,Confident
"ugh why wont this loop just work, ive tried everything",Frustrated
I'm out of patience with the coding assignment at this point.,Frustrated
Is there a reason statistics homework works this way? I want to understand the why.,Curious
I've reread my code three times and I'm still confused.,Confused
Can someone explain the history reading? I have no idea what's going on.,Confused
"I actually understand this French verb tense now, this makes sense.",Confident
I redo this Python error again and again and it still doesn't work.,Frustrated
I redo this proof again and again and it still doesn't work.,Frustrated
not even a little interested in this physics problem set tbh,Bored
"Honestly this API feels so repetitive, I keep zoning out.",Bored
"I want to dig deeper into the essay outline, there's more to it I think.",Curious
"I'm intrigued by the biology diagram, is there a real-world example?",Curious
I think I've finally got the hang of the presentation slides!,Confident
"the essay outline is just... nothing new, kinda bored",Bored
zoned out like 3 times reading about machine learning basics,Bored
data structures clicked for me and now im flying through it,Confident
SQL joins is being so difficult for no reason,Frustrated
I walked through machine learning basics step by step and it clicked.,Confident
"nailed it, binary search works exactly how it should now",Confident
"no more stress over this lab report, i know what im doing",Confident
I'm out of patience with the group project plan at this point.,Frustrated
I wonder how this Python error would apply outside of class.,Curious
Now I'm curious how this French verb tense connects to what we learned before.,Curious
keep hitting the same error with the exam material ugh,Frustrated
My brain just blanks every time I look at the lecture notes.,Confused
"im losing my mind over the presentation slides, nothing helps",Frustrated
Now I'm curious how this formula connects to what we learned before.,Curious
"ugh why wont recursion just work, ive tried everything",Frustrated
I'm out of patience with the presentation slides at this point.,Frustrated
"Meh, machine learning basics again... I've done this a hundred times.",Bored
"why is binary search so dry, i can barely stay awake",Bored
"cant focus on the assignment instructions at all rn, so dull",Bored
omg i think i finally figured out my code!!,Confident
"hmm what if we changed something in the essay outline, would that break it?",Curious
"this API finally makes sense, i got this",Confident
"huh, i dont get this chemistry equation at all",Confused
"I'm just going through the motions with this calculus problem, not really engaged.",Bored
"this doesnt add up, this formula seems contradictory",Confused
"kinda curious now, is there more to thermodynamics than what we covered?",Curious
I've been staring at this lab report while revising my draft and I just can't focus anymore.,Bored
I've tried everything and statistics homework still isn't working while studying alone.,Frustrated
"meh another this Python error, we already know this stuff",Bored
"at my limit with photosynthesis, ive tried literally everything",Frustrated
I can't bring myself to care about binary search today.,Bored
"I keep getting mixed up on the reading assignment, it's unclear.",Confused
"Something about thermodynamics sparked my interest, tell me more.",Curious
"at my limit with the reading assignment, ive tried literally everything",Frustrated
why does the history reading keep failing every single time i try,Frustrated
"What happens if we tweak this French verb tense a little, would it change things?",Curious
I can't bring myself to care about recursion today.,Bored
This part of SQL joins just doesn't add up to me.,Confused
"ooh wait thats interesting, how does machine learning basics actually work under the hood?",Curious
I'm out of patience with this calculus problem at this point.,Frustrated
"I'm ready to tackle the assignment instructions head on, no worries.",Confident
"Not gonna lie, the exam material is putting me to sleep for homework.",Bored
I'm stuck on this lab report and it's making me want to give up.,Frustrated
"so done with machine learning basics, nothing is working no matter what",Frustrated
"why is linear algebra so dry, i can barely stay awake",Bored
"binary search feels like it's going nowhere, I've lost interest.",Bored
I'm not sure what the question is even asking about this API.,Confused
took a while but i totally get the exam material now,Confident
someone explain this economics concept pls im so confused,Confused
"I'd love to explore the essay outline further, it's more fascinating than I expected.",Curious
"that part about this API was surprisingly interesting, more please",Curious
I feel solid going into the next part of object-oriented programming.,Confident
I redo the exam material again and again and it still doesn't work.,Frustrated
skimming through the exam material bc its so uninteresting,Bored
im actually feeling good about the history reading for once,Confident
I think I've finally got the hang of the research paper thesis!,Confident
"I'd love to explore the biology diagram further, it's more fascinating than I expected.",Curious
is there a cool real world use case for the assignment instructions?,Curious
"huh, i dont get machine learning basics at all",Confused
"Pretty sure I nailed statistics homework while revising my draft, feeling good about it.",Confident
"ugh why wont the exam material just work, ive tried everything",Frustrated
I walked through photosynthesis step by step and it clicked.,Confident
"I'm just going through the motions with this Python error, not really engaged.",Bored
"ugh the biology diagram again, so boring",Bored
Something about the reading assignment isn't making sense and I can't pinpoint why.,Confused
Something about linear algebra isn't making sense and I can't pinpoint why.,Confused
"that part about this grammar rule was surprisingly interesting, more please",Curious
I feel solid going into the next part of linear algebra.,Confident
I've tried everything and data structures still isn't working while revising my draft.,Frustrated
"why is this grammar rule so dry, i can barely stay awake",Bored
cant tell whats going on with the biology diagram at all,Confused
I'm stuck on the biology diagram and it's making me want to give up.,Frustrated
This part of photosynthesis just doesn't add up to me.,Confused
this chemistry equation is a total blur to me right now,Confused
"Finally cracked object-oriented programming, I know exactly what I'm doing.",Confident
"why does the biology diagram even work like that, genuinely curious",Curious
"why is the biology diagram so dry, i can barely stay awake",Bored
"Meh, this proof again... I've done this a hundred times.",Bored
I can't bring myself to care about data structures today.,Bored
I keep hitting the same wall with the assignment instructions and I'm over it.,Frustrated
"I'd love to explore this physics problem set further, it's more fascinating than I expected.",Curious
This error in the exam material is driving me crazy.,Frustrated
"that part about photosynthesis was surprisingly interesting, more please",Curious
"this is so annoying, thermodynamics keeps breaking on me",Frustrated
i keep drifting off thinking about literally anything else during the research paper thesis,Bored
im actually feeling good about this economics concept for once,Confident
"I'm ready to tackle linear algebra head on, no worries.",Confident
"None of this makes sense, especially this French verb tense.",Confused
"Not gonna lie, the research paper thesis is putting me to sleep for homework.",Bored
"I actually understand data structures now, this makes sense.",Confident
"why is my code so dry, i can barely stay awake",Bored
"I'm just going through the motions with linear algebra, not really engaged.",Bored
cant tell whats going on with machine learning basics at all,Confused
data structures is being so difficult for no reason,Frustrated
"why is recursion so dry, i can barely stay awake",Bored
skimming through the reading assignment bc its so uninteresting,Bored
took a while but i totally get the essay outline now,Confident
This part of photosynthesis just doesn't add up to me.,Confused
I redo the exam material again and again and it still doesn't work.,Frustrated
wait what?? SQL joins makes zero sense to me,Confused
"huh, i dont get the essay outline at all",Confused
"this doesnt add up, recursion seems contradictory",Confused
Something about object-oriented programming isn't making sense and I can't pinpoint why.,Confused
"ugh why wont data structures just work, ive tried everything",Frustrated
"solid on the presentation slides now, ready for whatevers next",Confident
"I'm so close to giving up on the biology diagram, it's exhausting.",Frustrated
"huh, i dont get the group project plan at all",Confused
"this doesnt add up, the group project plan seems contradictory",Confused
omg i think i finally figured out the research paper thesis!!,Confident
My brain just blanks every time I look at the history reading.,Confused
"this got me thinking about this formula, wanna know more",Curious
cant tell whats going on with this API at all,Confused
"at my limit with this physics problem set, ive tried literally everything",Frustrated
"Nothing I try fixes this formula, I'm getting really frustrated.",Frustrated
pretty sure i can handle object-oriented programming no problem now,Confident
Can someone explain this formula? I have no idea what's going on.,Confused
"This part of machine learning basics got me thinking, what else is related to it?",Curious
not even a little interested in the group project plan tbh,Bored
I've reread this formula three times and I'm still confused.,Confused
this the exam material lecture is a snoozefest,Bored
"this got me thinking about algorithms and complexity, wanna know more",Curious
"why does recursion even work like that, genuinely curious",Curious
"why does this API even work like that, genuinely curious",Curious
"at my limit with the essay outline, ive tried literally everything",Frustrated
I think I've finally got the hang of the group project plan!,Confident
"im losing my mind over data structures, nothing helps",Frustrated
I'm not sure what the question is even asking about the biology diagram.,Confused
"literally about to give up on the lecture notes, im exhausted",Frustrated
"at my limit with the exam material, ive tried literally everything",Frustrated
"Not gonna lie, the research paper thesis is putting me to sleep during lab.",Bored
Can someone explain object-oriented programming? I have no idea what's going on.,Confused
"what would happen if we pushed machine learning basics further, curious to see",Curious
cant tell whats going on with the exam material at all,Confused
"why does this French verb tense even work like that, genuinely curious",Curious
"im so lost with data structures rn, nothing is clicking",Confused
"I'm intrigued by this physics problem set, is there a real-world example?",Curious
"I'm intrigued by data structures, is there a real-world example?",Curious
"that part about this economics concept was surprisingly interesting, more please",Curious
I've reread the biology diagram three times and I'm still confused.,Confused
I redo the biology diagram again and again and it still doesn't work.,Frustrated
i keep drifting off thinking about literally anything else during thermodynamics,Bored
"this got me thinking about object-oriented programming, wanna know more",Curious
"this got me thinking about statistics homework, wanna know more",Curious
im actually feeling good about the essay outline for once,Confident
"meh another the coding assignment, we already know this stuff",Bored
"Same old stuff with object-oriented programming, nothing new is grabbing my attention.",Bored
"this doesnt add up, photosynthesis seems contradictory",Confused
I don't feel motivated to keep going through binary search right now.,Bored
"yesss got the biology diagram working, feeling good",Confident
I think I've finally got the hang of photosynthesis!,Confident
took a while but i totally get this calculus problem now,Confident
"that part about this calculus problem was surprisingly interesting, more please",Curious
"Wait, I'm lost — how does this economics concept even work?",Confused
"Same old stuff with this grammar rule, nothing new is grabbing my attention.",Bored
I'm confident I can explain binary search to someone else now.,Confident
skimming through this chemistry equation bc its so uninteresting,Bored
"brain totally blanking on this economics concept, whats going on",Confused
"this is so annoying, machine learning basics keeps breaking on me",Frustrated
data structures is just not making sense no matter how many times i read it,Confused
photosynthesis just isn't cooperating no matter what I try while studying alone.,Frustrated
so is the biology diagram used in real projects or just theory,Curious
I don't understand thermodynamics at all again.,Confused
data structures just isn't cooperating no matter what I try in class today.,Frustrated
I'm stuck on the coding assignment and it's making me want to give up.,Frustrated
someone explain this Python error pls im so confused,Confused
"This part of this proof used to trip me up, but not anymore.",Confident
"im so lost with this French verb tense rn, nothing is clicking",Confused
I'm stuck on this economics concept and it's making me want to give up.,Frustrated
"brain totally blanking on the biology diagram, whats going on",Confused
"Honestly this French verb tense feels so repetitive, I keep zoning out.",Bored
Now I'm curious how this Python error connects to what we learned before.,Curious
I can't bring myself to care about the history reading today.,Bored
Is there a reason algorithms and complexity works this way? I want to understand the why.,Curious
I'm not sure what the question is even asking about this Python error.,Confused
Everything about statistics homework feels flat and uninteresting right now.,Bored
Feels great knowing I can handle the lecture notes on my own now.,Confident
"thermodynamics isn't clicking for me, what am I missing?",Confused
"Not gonna lie, photosynthesis is putting me to sleep again.",Bored
This error in machine learning basics is driving me crazy.,Frustrated
"huh, i dont get this calculus problem at all",Confused
"what would happen if we pushed this French verb tense further, curious to see",Curious
"This part of the biology diagram got me thinking, what else is related to it?",Curious
skimming through the biology diagram bc its so uninteresting,Bored
"this doesnt add up, the presentation slides seems contradictory",Confused
"ooh wait thats interesting, how does algorithms and complexity actually work under the hood?",Curious
"this is so annoying, this chemistry equation keeps breaking on me",Frustrated
"im losing my mind over the coding assignment, nothing helps",Frustrated
I don't feel motivated to keep going through the research paper thesis right now.,Bored
"never thought about this French verb tense like that, want to learn more",Curious
"at my limit with my code, ive tried literally everything",Frustrated
wait so how is the essay outline related to the other stuff we learned,Curious
Why does the reading assignment keep going wrong every single time?,Frustrated
"this is so annoying, this API keeps breaking on me",Frustrated
I don't feel motivated to keep going through this economics concept right now.,Bored
"kinda curious now, is there more to SQL joins than what we covered?",Curious
"This part of the coding assignment got me thinking, what else is related to it?",Curious
"I thought I understood object-oriented programming, but now I'm totally stuck.",Confused
not even a little interested in linear algebra tbh,Bored
keep hitting the same error with the essay outline ugh,Frustrated
My brain just blanks every time I look at this grammar rule.,Confused
I double-checked my work on binary search and it all adds up.,Confident
"why is this chemistry equation so dry, i can barely stay awake",Bored
Why does this loop keep going wrong every single time?,Frustrated
"binary search finally makes sense, i got this",Confident
Is there a reason the assignment instructions works this way? I want to understand the why.,Curious
not even a little interested in this proof tbh,Bored
"This is so annoying, this formula keeps breaking no matter what I do.",Frustrated
"I'm ready to tackle SQL joins head on, no worries.",Confident
I don't understand object-oriented programming at all for the group project.,Confused
"I'm intrigued by photosynthesis, is there a real-world example?",Curious
i keep drifting off thinking about literally anything else during SQL joins,Bored
someone explain this physics problem set pls im so confused,Confused
"I want to dig deeper into this grammar rule, there's more to it I think.",Curious
"ugh this economics concept again, so boring",Bored
now i wanna go down a rabbit hole on this chemistry equation,Curious
"Wait, I'm lost — how does algorithms and complexity even work?",Confused
"the reading assignment feels like it's going nowhere, I've lost interest.",Bored
wait what?? the group project plan makes zero sense to me,Confused
I think I've finally got the hang of the lecture notes!,Confident
Can someone explain this physics problem set? I have no idea what's going on.,Confused
I'm confident I can explain statistics homework to someone else now.,Confident
SQL joins is being so difficult for no reason,Frustrated
"Not gonna lie, the presentation slides is putting me to sleep for the group project.",Bored
"this is so annoying, statistics homework keeps breaking on me",Frustrated
keep hitting the same error with data structures ugh,Frustrated
"linear algebra finally makes sense, i got this",Confident
"Pretty sure I nailed this chemistry equation while revising my draft, feeling good about it.",Confident
idk what im even looking at with linear algebra,Confused
keep hitting the same error with machine learning basics ugh,Frustrated
"I want to dig deeper into this formula, there's more to it I think.",Curious
"Honestly this API feels so repetitive, I keep zoning out.",Bored
wait so how is this Python error related to the other stuff we learned,Curious
I keep checking the clock instead of working on this Python error.,Bored
"This is dragging on forever, object-oriented programming just isn't interesting to me.",Bored
This error in recursion is driving me crazy.,Frustrated
"never thought about this calculus problem like that, want to learn more",Curious
ive redone thermodynamics like 5 times and still broken,Frustrated
I keep wanting to ask more questions about this French verb tense.,Curious
My brain just blanks every time I look at the research paper thesis.,Confused
"just aced a practice question on the coding assignment, feeling great",Confident
"ooh wait thats interesting, how does this API actually work under the hood?",Curious
this loop is being so difficult for no reason,Frustrated
"what would happen if we pushed statistics homework further, curious to see",Curious
"im not even worried about this proof anymore, got it down",Confident
"Nothing I try fixes the history reading, I'm getting really frustrated.",Frustrated
"I actually understand the essay outline now, this makes sense.",Confident
"literally about to give up on photosynthesis, im exhausted",Frustrated
"huh, i dont get machine learning basics at all",Confused
this physics problem set is being so difficult for no reason,Frustrated
not even a little interested in this chemistry equation tbh,Bored
"This part of this formula used to trip me up, but not anymore.",Confident
"This made me wonder about this chemistry equation, can you explain more?",Curious
Can someone explain data structures? I have no idea what's going on.,Confused
ive redone algorithms and complexity like 5 times and still broken,Frustrated
"Nothing I try fixes this calculus problem, I'm getting really frustrated.",Frustrated
"Nothing I try fixes the presentation slides, I'm getting really frustrated.",Frustrated
"I keep getting mixed up on this calculus problem, it's unclear.",Confused
I feel solid going into the next part of this chemistry equation.,Confident
cant tell whats going on with the lecture notes at all,Confused
"Finally cracked the exam material, I know exactly what I'm doing.",Confident
I don't feel motivated to keep going through SQL joins right now.,Bored
keep hitting the same error with this physics problem set ugh,Frustrated
"yesss got the biology diagram working, feeling good",Confident
I keep hitting the same wall with the reading assignment and I'm over it.,Frustrated
Is there a reason data structures works this way? I want to understand the why.,Curious
I've reread this physics problem set three times and I'm still confused.,Confused
I'm not sure what the question is even asking about this lab report.,Confused
I think I've finally got the hang of the research paper thesis!,Confident
"brain totally blanking on algorithms and complexity, whats going on",Confused
"why wont this French verb tense just work already, im so over it",Frustrated
"Honestly the reading assignment feels so repetitive, I keep zoning out.",Bored
"im not even worried about linear algebra anymore, got it down",Confident
took a while but i totally get the biology diagram now,Confident
Why does thermodynamics keep going wrong every single time?,Frustrated
"This made me wonder about this loop, can you explain more?",Curious
"This is so annoying, the assignment instructions keeps breaking no matter what I do.",Frustrated
Why does this grammar rule keep going wrong every single time?,Frustrated
I'm not sure what the question is even asking about the biology diagram.,Confused
"yesss got object-oriented programming working, feeling good",Confident
I can't bring myself to care about binary search today.,Bored
data structures clicked for me and now im flying through it,Confident
"Meh, my code again... I've done this a hundred times.",Bored
"I'm just going through the motions with this physics problem set, not really engaged.",Bored
took a while but i totally get this calculus problem now,Confident
"I'm intrigued by photosynthesis, is there a real-world example?",Curious
I keep checking the clock instead of working on this formula.,Bored
why does photosynthesis feel like a different language,Confused
ive redone this calculus problem like 5 times and still broken,Frustrated
I've reread this Python error three times and I'm still confused.,Confused
I've got a good grip on this grammar rule while studying alone.,Confident
pretty sure i can handle machine learning basics no problem now,Confident
Can someone explain photosynthesis? I have no idea what's going on.,Confused
I double-checked my work on the essay outline and it all adds up.,Confident
"cant focus on my code at all rn, so dull",Bored
ive redone this physics problem set like 5 times and still broken,Frustrated
"what would happen if we pushed this API further, curious to see",Curious
I've spent hours on the coding assignment and I'm no closer to solving it.,Frustrated
"I keep getting mixed up on this physics problem set, it's unclear.",Confused
Now I'm curious how this Python error connects to what we learned before.,Curious
I'm out of patience with this physics problem set at this point.,Frustrated
"I actually understand this grammar rule now, this makes sense.",Confident
this French verb tense just isn't cooperating no matter what I try for the group project.,Frustrated
"huh, i dont get this economics concept at all",Confused
"that part about this API was surprisingly interesting, more please",Curious
pretty sure i can handle the presentation slides no problem now,Confident
idk what im even looking at with this physics problem set,Confused
"this doesnt add up, the assignment instructions seems contradictory",Confused
"this calculus problem finally makes sense, i got this",Confident
"why wont the essay outline just work already, im so over it",Frustrated
wait so how is photosynthesis related to the other stuff we learned,Curious
"I thought I understood this proof, but now I'm totally stuck.",Confused
Now I'm curious how the assignment instructions connects to what we learned before.,Curious
"im not even worried about this API anymore, got it down",Confident
My brain just blanks every time I look at photosynthesis.,Confused
why does SQL joins keep failing every single time i try,Frustrated
"I actually understand the research paper thesis now, this makes sense.",Confident
"just aced a practice question on SQL joins, feeling great",Confident
pretty sure i can handle the essay outline no problem now,Confident
"I want to dig deeper into this API, there's more to it I think.",Curious
"ugh why wont binary search just work, ive tried everything",Frustrated
"Finally cracked data structures, I know exactly what I'm doing.",Confident
why does this grammar rule keep failing every single time i try,Frustrated
wait so how is this chemistry equation related to the other stuff we learned,Curious
"why is the lecture notes so dry, i can barely stay awake",Bored
not even a little interested in recursion tbh,Bored
I've been staring at thermodynamics and I just can't focus anymore.,Bored
why does the history reading keep failing every single time i try,Frustrated
I think I've finally got the hang of the presentation slides!,Confident
the assignment instructions is a total blur to me right now,Confused
keep hitting the same error with the essay outline ugh,Frustrated
"never thought about this proof like that, want to learn more",Curious
"ooh wait thats interesting, how does the essay outline actually work under the hood?",Curious
I keep checking the clock instead of working on this loop.,Bored
"why wont this API just work already, im so over it",Frustrated
Now I'm curious how the biology diagram connects to what we learned before.,Curious
"Nothing I try fixes the coding assignment, I'm getting really frustrated.",Frustrated
now i wanna go down a rabbit hole on the presentation slides,Curious
My brain just blanks every time I look at linear algebra.,Confused
Now I'm curious how my code connects to what we learned before.,Curious
"yesss got the lecture notes working, feeling good",Confident
SQL joins just isn't cooperating no matter what I try while revising my draft.,Frustrated
I've tried everything and linear algebra still isn't working while revising my draft.,Frustrated
"what would happen if we pushed the assignment instructions further, curious to see",Curious
"I thought I understood the essay outline, but now I'm totally stuck.",Confused
is there a cool real world use case for data structures?,Curious
"What happens if we tweak data structures a little, would it change things?",Curious
I'm confident I can explain my code to someone else now.,Confident
"hmm what if we changed something in this formula, would that break it?",Curious
"this chemistry equation isn't clicking for me, what am I missing?",Confused
is there a cool real world use case for this grammar rule?,Curious
this photosynthesis lecture is a snoozefest,Bored
keep hitting the same error with this API ugh,Frustrated
"None of this makes sense, especially SQL joins.",Confused
pretty sure i can handle the research paper thesis no problem now,Confident
i keep drifting off thinking about literally anything else during the lecture notes,Bored
I'm not sure what the question is even asking about statistics homework.,Confused
"yesss got the lecture notes working, feeling good",Confident
is there a cool real world use case for this API?,Curious
"the group project plan finally makes sense, i got this",Confident
"cant focus on the exam material at all rn, so dull",Bored
skimming through machine learning basics bc its so uninteresting,Bored
"literally about to give up on this calculus problem, im exhausted",Frustrated
Why does the group project plan keep going wrong every single time?,Frustrated
I'm stuck on the essay outline and it's making me want to give up.,Frustrated
"ugh the coding assignment again, so boring",Bored
I double-checked my work on the reading assignment and it all adds up.,Confident
This part of statistics homework just doesn't add up to me.,Confused
"Wait, I'm lost — how does recursion even work?",Confused
"nailed it, this economics concept works exactly how it should now",Confident
Can someone explain this API? I have no idea what's going on.,Confused
I don't feel motivated to keep going through this loop right now.,Bored
I keep checking the clock instead of working on this loop.,Bored
"Wait, that's actually interesting — how does machine learning basics really work?",Curious
I wonder how photosynthesis would apply outside of class.,Curious
"cant focus on linear algebra at all rn, so dull",Bored
"This is dragging on forever, the coding assignment just isn't interesting to me.",Bored
"what would happen if we pushed the lecture notes further, curious to see",Curious
"hmm what if we changed something in the essay outline, would that break it?",Curious
the group project plan clicked for me and now im flying through it,Confident
"why is machine learning basics so dry, i can barely stay awake",Bored
someone explain SQL joins pls im so confused,Confused
"im so lost with photosynthesis rn, nothing is clicking",Confused
idk what im even looking at with statistics homework,Confused
this this French verb tense lecture is a snoozefest,Bored
"I keep getting mixed up on this Python error, it's unclear.",Confused
why does this chemistry equation keep failing every single time i try,Frustrated
I walked through machine learning basics step by step and it clicked.,Confident
I keep checking the clock instead of working on the reading assignment.,Bored
I think I've finally got the hang of SQL joins!,Confident
"so done with the history reading, nothing is working no matter what",Frustrated
Now I'm curious how this loop connects to what we learned before.,Curious
"This is dragging on forever, the history reading just isn't interesting to me.",Bored
My brain just blanks every time I look at thermodynamics.,Confused
"What happens if we tweak the lecture notes a little, would it change things?",Curious
"that part about this chemistry equation was surprisingly interesting, more please",Curious
"brain totally blanking on my code, whats going on",Confused
"I keep getting mixed up on the history reading, it's unclear.",Confused
"Pretty sure I nailed this French verb tense right now, feeling good about it.",Confident
pretty sure i can handle the group project plan no problem now,Confident
"I'd love to explore this proof further, it's more fascinating than I expected.",Curious
Everything about this chemistry equation feels flat and uninteresting right now.,Bored
I can't bring myself to care about the research paper thesis today.,Bored
idk what im even looking at with the group project plan,Confused
"I'm just going through the motions with this Python error, not really engaged.",Bored
"This part of thermodynamics used to trip me up, but not anymore.",Confident
I'm out of patience with thermodynamics at this point.,Frustrated
This error in the lecture notes is driving me crazy.,Frustrated
I keep checking the clock instead of working on linear algebra.,Bored
"I'm intrigued by the reading assignment, is there a real-world example?",Curious
this economics concept is a total blur to me right now,Confused
"this doesnt add up, binary search seems contradictory",Confused
why does linear algebra feel like a different language,Confused
this Python error just isn't cooperating no matter what I try before the deadline.,Frustrated
im actually feeling good about this grammar rule for once,Confident
keep hitting the same error with recursion ugh,Frustrated
"the presentation slides finally makes sense, i got this",Confident
"I'm ready to tackle the essay outline head on, no worries.",Confident
cant tell whats going on with this proof at all,Confused
"why does the group project plan even work like that, genuinely curious",Curious
"hmm what if we changed something in object-oriented programming, would that break it?",Curious
"im not even worried about this formula anymore, got it down",Confident
Can someone explain this calculus problem? I have no idea what's going on.,Confused
the group project plan just isn't cooperating no matter what I try before the deadline.,Frustrated
"I'm just going through the motions with the lecture notes, not really engaged.",Bored
i keep drifting off thinking about literally anything else during this loop,Bored
I'm confident I can explain this physics problem set to someone else now.,Confident
"This part of the group project plan used to trip me up, but not anymore.",Confident
"ugh linear algebra again, so boring",Bored
smh this loop is dragging on forever,Bored
"None of this makes sense, especially the presentation slides.",Confused
I don't feel motivated to keep going through the exam material right now.,Bored
"Meh, this chemistry equation again... I've done this a hundred times.",Bored
cant tell whats going on with linear algebra at all,Confused
I don't feel motivated to keep going through machine learning basics right now.,Bored
"This part of the assignment instructions got me thinking, what else is related to it?",Curious
"im mixing up SQL joins with something else i think, so unclear",Confused
"at my limit with the lecture notes, ive tried literally everything",Frustrated
Feels great knowing I can handle the reading assignment on my own now.,Confident
someone explain this formula pls im so confused,Confused
the presentation slides clicked for me and now im flying through it,Confident
"I'm so close to giving up on this formula, it's exhausting.",Frustrated
"This part of object-oriented programming used to trip me up, but not anymore.",Confident
ive redone this loop like 5 times and still broken,Frustrated
I can't bring myself to care about SQL joins today.,Bored
Can someone explain the exam material? I have no idea what's going on.,Confused
now i wanna go down a rabbit hole on data structures,Curious
"huh, i dont get the essay outline at all",Confused
why does this calculus problem feel like a different language,Confused
This part of this chemistry equation just doesn't add up to me.,Confused
"I'm ready to tackle statistics homework head on, no worries.",Confident
"Not gonna lie, this physics problem set is putting me to sleep.",Bored
im actually feeling good about the essay outline for once,Confident
"this is so annoying, photosynthesis keeps breaking on me",Frustrated
Feels great knowing I can handle this API on my own now.,Confident
I keep checking the clock instead of working on my code.,Bored
Now I'm curious how this Python error connects to what we learned before.,Curious
"the assignment instructions finally makes sense, i got this",Confident
"Pretty sure I nailed the presentation slides during lab, feeling good about it.",Confident
"This part of this economics concept got me thinking, what else is related to it?",Curious
"Honestly the research paper thesis feels so repetitive, I keep zoning out.",Bored
My brain just blanks every time I look at this grammar rule.,Confused
I've reread the presentation slides three times and I'm still confused.,Confused
someone explain this lab report pls im so confused,Confused
smh the lecture notes is dragging on forever,Bored
"This part of this lab report used to trip me up, but not anymore.",Confident
is there a cool real world use case for this proof?,Curious
I can't bring myself to care about this Python error today.,Bored
"What happens if we tweak thermodynamics a little, would it change things?",Curious
"solid on thermodynamics now, ready for whatevers next",Confident
"I thought I understood this proof, but now I'm totally stuck.",Confused
"that part about the reading assignment was surprisingly interesting, more please",Curious
cant tell whats going on with the assignment instructions at all,Confused
I'm not sure what the question is even asking about the exam material.,Confused
"huh, i dont get this Python error at all",Confused
took a while but i totally get the research paper thesis now,Confident
"meh another algorithms and complexity, we already know this stuff",Bored
"this got me thinking about thermodynamics, wanna know more",Curious
This error in statistics homework is driving me crazy.,Frustrated
this proof just isn't cooperating no matter what I try right now.,Frustrated
"this got me thinking about the coding assignment, wanna know more",Curious
"solid on the presentation slides now, ready for whatevers next",Confident
wait so how is the reading assignment related to the other stuff we learned,Curious
"what would happen if we pushed this proof further, curious to see",Curious
the reading assignment clicked for me and now im flying through it,Confident
I wonder how data structures would apply outside of class.,Curious
"brain totally blanking on this formula, whats going on",Confused
Everything about this grammar rule feels flat and uninteresting right now.,Bored
"why does this proof even work like that, genuinely curious",Curious
this SQL joins lecture is a snoozefest,Bored
"ugh recursion again, so boring",Bored
i keep drifting off thinking about literally anything else during photosynthesis,Bored
took a while but i totally get the exam material now,Confident
"im mixing up linear algebra with something else i think, so unclear",Confused
"What happens if we tweak the assignment instructions a little, would it change things?",Curious
I've reread the biology diagram three times and I'm still confused.,Confused
I keep hitting the same wall with the reading assignment and I'm over it.,Frustrated
skimming through the research paper thesis bc its so uninteresting,Bored
"ooh wait thats interesting, how does this economics concept actually work under the hood?",Curious
someone explain the research paper thesis pls im so confused,Confused
"why does statistics homework even work like that, genuinely curious",Curious
"that part about machine learning basics was surprisingly interesting, more please",Curious
"Nothing I try fixes the group project plan, I'm getting really frustrated.",Frustrated
wait what?? binary search makes zero sense to me,Confused
i keep drifting off thinking about literally anything else during this French verb tense,Bored
keep hitting the same error with algorithms and complexity ugh,Frustrated
"im so lost with the group project plan rn, nothing is clicking",Confused
"that part about this economics concept was surprisingly interesting, more please",Curious
"this doesnt add up, this API seems contradictory",Confused
wait what?? the essay outline makes zero sense to me,Confused
not even a little interested in the coding assignment tbh,Bored
"This is dragging on forever, the essay outline just isn't interesting to me.",Bored
"This made me wonder about the history reading, can you explain more?",Curious
idk what im even looking at with the biology diagram,Confused
"Honestly the group project plan feels so repetitive, I keep zoning out.",Bored
now i wanna go down a rabbit hole on this lab report,Curious
"kinda curious now, is there more to thermodynamics than what we covered?",Curious
I keep hitting the same wall with this economics concept and I'm over it.,Frustrated
"no more stress over data structures, i know what im doing",Confident
i keep drifting off thinking about literally anything else during the assignment instructions,Bored
"I actually understand photosynthesis now, this makes sense.",Confident
im actually feeling good about the reading assignment for once,Confident
"no more stress over this API, i know what im doing",Confident
"the presentation slides feels like it's going nowhere, I've lost interest.",Bored
"meh another the lecture notes, we already know this stuff",Bored
"why does this grammar rule even work like that, genuinely curious",Curious
"im losing my mind over statistics homework, nothing helps",Frustrated
I don't feel motivated to keep going through the research paper thesis right now.,Bored
"I actually understand the biology diagram now, this makes sense.",Confident
pretty sure i can handle thermodynamics no problem now,Confident
"why is this economics concept so dry, i can barely stay awake",Bored
"im so lost with linear algebra rn, nothing is clicking",Confused
Now I'm curious how this API connects to what we learned before.,Curious
Now I'm curious how the research paper thesis connects to what we learned before.,Curious
I walked through object-oriented programming step by step and it clicked.,Confident
not even a little interested in statistics homework tbh,Bored
now i wanna go down a rabbit hole on linear algebra,Curious
I redo SQL joins again and again and it still doesn't work.,Frustrated
"why does this economics concept even work like that, genuinely curious",Curious
"why is the reading assignment so dry, i can barely stay awake",Bored
"Meh, the assignment instructions again... I've done this a hundred times.",Bored
"Wait, I'm lost — how does this economics concept even work?",Confused
"I'm intrigued by this calculus problem, is there a real-world example?",Curious
"im so lost with this lab report rn, nothing is clicking",Confused
I keep hitting the same wall with data structures and I'm over it.,Frustrated
"I thought I understood this grammar rule, but now I'm totally stuck.",Confused
Why does the reading assignment keep going wrong every single time?,Frustrated
"Not gonna lie, the essay outline is putting me to sleep again.",Bored
"Nothing I try fixes algorithms and complexity, I'm getting really frustrated.",Frustrated
"meh another the biology diagram, we already know this stuff",Bored
i keep drifting off thinking about literally anything else during this proof,Bored
I redo this grammar rule again and again and it still doesn't work.,Frustrated
This error in algorithms and complexity is driving me crazy.,Frustrated
"This is dragging on forever, this loop just isn't interesting to me.",Bored
"so done with the biology diagram, nothing is working no matter what",Frustrated
This error in object-oriented programming is driving me crazy.,Frustrated
keep hitting the same error with this French verb tense ugh,Frustrated
"Something about this economics concept sparked my interest, tell me more.",Curious
"kinda curious now, is there more to this physics problem set than what we covered?",Curious
"kinda curious now, is there more to this API than what we covered?",Curious
took a while but i totally get this loop now,Confident
"this doesnt add up, binary search seems contradictory",Confused
I walked through the group project plan step by step and it clicked.,Confident
"cant focus on recursion at all rn, so dull",Bored
"This is so annoying, this economics concept keeps breaking no matter what I do.",Frustrated
"I'd love to explore the essay outline further, it's more fascinating than I expected.",Curious
I've tried everything and statistics homework still isn't working for the group project.,Frustrated
This error in data structures is driving me crazy.,Frustrated
yawn... this physics problem set is not holding my attention today,Bored
this lab report clicked for me and now im flying through it,Confident
Feels great knowing I can handle this Python error on my own now.,Confident
"I'm intrigued by this economics concept, is there a real-world example?",Curious
This error in this French verb tense is driving me crazy.,Frustrated
"solid on the lecture notes now, ready for whatevers next",Confident
"Not gonna lie, this proof is putting me to sleep during lab.",Bored
"yesss got this chemistry equation working, feeling good",Confident
I keep wanting to ask more questions about my code.,Curious
"ugh why wont the exam material just work, ive tried everything",Frustrated
I wonder how this Python error would apply outside of class.,Curious
i keep drifting off thinking about literally anything else during this API,Bored
omg i think i finally figured out recursion!!,Confident
"why is this lab report so dry, i can barely stay awake",Bored
Can someone explain recursion? I have no idea what's going on.,Confused
"ugh why wont the reading assignment just work, ive tried everything",Frustrated
"I'm just going through the motions with this proof, not really engaged.",Bored
"why wont algorithms and complexity just work already, im so over it",Frustrated
not even a little interested in machine learning basics tbh,Bored
"Honestly binary search feels so repetitive, I keep zoning out.",Bored
cant tell whats going on with this calculus problem at all,Confused
"so frustrated rn, this loop just wont cooperate",Frustrated
"this got me thinking about this formula, wanna know more",Curious
"at my limit with machine learning basics, ive tried literally everything",Frustrated
"ugh photosynthesis again, so boring",Bored
"binary search is just... nothing new, kinda bored",Bored
i keep drifting off thinking about literally anything else during this lab report,Bored
"Something about this French verb tense sparked my interest, tell me more.",Curious
"ooh wait thats interesting, how does this lab report actually work under the hood?",Curious
"Finally cracked this lab report, I know exactly what I'm doing.",Confident
I keep wanting to ask more questions about the presentation slides.,Curious
This part of this economics concept just doesn't add up to me.,Confused
"What happens if we tweak this French verb tense a little, would it change things?",Curious
"None of this makes sense, especially my code.",Confused
"I'm just going through the motions with statistics homework, not really engaged.",Bored
I've tried everything and this formula still isn't working.,Frustrated
I've reread SQL joins three times and I'm still confused.,Confused
"Finally cracked linear algebra, I know exactly what I'm doing.",Confident
"I'm ready to tackle the reading assignment head on, no worries.",Confident
"ugh why wont the group project plan just work, ive tried everything",Frustrated
"im not even worried about the presentation slides anymore, got it down",Confident
"so frustrated rn, the group project plan just wont cooperate",Frustrated
I've tried everything and data structures still isn't working during lab.,Frustrated
this SQL joins lecture is a snoozefest,Bored
"never thought about the biology diagram like that, want to learn more",Curious
im actually feeling good about this lab report for once,Confident
I think I've finally got the hang of algorithms and complexity!,Confident
took a while but i totally get SQL joins now,Confident
I've reread data structures three times and I'm still confused.,Confused
I keep wanting to ask more questions about the group project plan.,Curious
"Meh, the group project plan again... I've done this a hundred times.",Bored
I'm out of patience with the assignment instructions at this point.,Frustrated
"solid on this proof now, ready for whatevers next",Confident
"This made me wonder about this Python error, can you explain more?",Curious
now i wanna go down a rabbit hole on this loop,Curious
someone explain this calculus problem pls im so confused,Confused
This part of thermodynamics just doesn't add up to me.,Confused
I wonder how my code would apply outside of class.,Curious
I've spent hours on the reading assignment and I'm no closer to solving it.,Frustrated
"hmm what if we changed something in this lab report, would that break it?",Curious
"hmm what if we changed something in this formula, would that break it?",Curious
is there a cool real world use case for the exam material?,Curious
"ugh why wont the assignment instructions just work, ive tried everything",Frustrated
"Meh, the history reading again... I've done this a hundred times.",Bored
this formula is a total blur to me right now,Confused
"Pretty sure I nailed this loop , feeling good about it.",Confident
"im so lost with linear algebra rn, nothing is clicking",Confused
"brain totally blanking on statistics homework, whats going on",Confused
pretty sure i can handle this French verb tense no problem now,Confident
ive redone the exam material like 5 times and still broken,Frustrated
"this got me thinking about this calculus problem, wanna know more",Curious
took a while but i totally get this economics concept now,Confident
"ooh wait thats interesting, how does photosynthesis actually work under the hood?",Curious
cant tell whats going on with this loop at all,Confused
pretty sure i can handle algorithms and complexity no problem now,Confident
"Not gonna lie, the assignment instructions is putting me to sleep right now.",Bored
wait so how is machine learning basics related to the other stuff we learned,Curious
"I'm so close to giving up on this lab report, it's exhausting.",Frustrated
Now I'm curious how the presentation slides connects to what we learned before.,Curious
Something about this Python error isn't making sense and I can't pinpoint why.,Confused
"Meh, recursion again... I've done this a hundred times.",Bored
"this calculus problem isn't clicking for me, what am I missing?",Confused
"Pretty sure I nailed the history reading before the deadline, feeling good about it.",Confident
"im not even worried about the history reading anymore, got it down",Confident
"brain totally blanking on this calculus problem, whats going on",Confused
"no more stress over this proof, i know what im doing",Confident
cant tell whats going on with the group project plan at all,Confused
"so done with the lecture notes, nothing is working no matter what",Frustrated
not even a little interested in SQL joins tbh,Bored
Can someone explain photosynthesis? I have no idea what's going on.,Confused
I've got a good grip on this loop in today's lecture.,Confident
I wonder how the assignment instructions would apply outside of class.,Curious
"hmm what if we changed something in this economics concept, would that break it?",Curious
Now I'm curious how my code connects to what we learned before.,Curious
"solid on the coding assignment now, ready for whatevers next",Confident
"This made me wonder about data structures, can you explain more?",Curious
I walked through machine learning basics step by step and it clicked.,Confident
"that part about machine learning basics was surprisingly interesting, more please",Curious
I don't feel motivated to keep going through algorithms and complexity right now.,Bored
"solid on machine learning basics now, ready for whatevers next",Confident
yawn... object-oriented programming is not holding my attention today,Bored
"This is so annoying, the presentation slides keeps breaking no matter what I do.",Frustrated
I'm stuck on the research paper thesis and it's making me want to give up.,Frustrated
skimming through machine learning basics bc its so uninteresting,Bored
"ooh wait thats interesting, how does the assignment instructions actually work under the hood?",Curious
Why does the history reading keep going wrong every single time?,Frustrated
"This part of machine learning basics used to trip me up, but not anymore.",Confident
I keep hitting the same wall with linear algebra and I'm over it.,Frustrated
"literally about to give up on the research paper thesis, im exhausted",Frustrated
"im not even worried about the lecture notes anymore, got it down",Confident
I wonder how object-oriented programming would apply outside of class.,Curious
"why does the coding assignment even work like that, genuinely curious",Curious
ive redone this API like 5 times and still broken,Frustrated
I've been staring at the biology diagram right now and I just can't focus anymore.,Bored
"why is the reading assignment so dry, i can barely stay awake",Bored
"never thought about the presentation slides like that, want to learn more",Curious
"that part about this proof was surprisingly interesting, more please",Curious
why does this chemistry equation keep failing every single time i try,Frustrated
"None of this makes sense, especially this proof.",Confused
is there a cool real world use case for this physics problem set?,Curious
Why does linear algebra keep going wrong every single time?,Frustrated
I'm confident I can explain algorithms and complexity to someone else now.,Confident
"im mixing up the biology diagram with something else i think, so unclear",Confused
I've got a good grip on thermodynamics while revising my draft.,Confident
im actually feeling good about the presentation slides for once,Confident
Now I'm curious how thermodynamics connects to what we learned before.,Curious
I'm out of patience with linear algebra at this point.,Frustrated
"I'm ready to tackle binary search head on, no worries.",Confident
smh the reading assignment is dragging on forever,Bored
"im so lost with linear algebra rn, nothing is clicking",Confused
why does the assignment instructions feel like a different language,Confused
I'm stuck on machine learning basics and it's making me want to give up.,Frustrated
My brain just blanks every time I look at this loop.,Confused
pretty sure i can handle the lecture notes no problem now,Confident
"I thought I understood this economics concept, but now I'm totally stuck.",Confused
smh recursion is dragging on forever,Bored
so is the history reading used in real projects or just theory,Curious
"Meh, this proof again... I've done this a hundred times.",Bored
"ooh wait thats interesting, how does the lecture notes actually work under the hood?",Curious
I'm confident I can explain object-oriented programming to someone else now.,Confident
im actually feeling good about this formula for once,Confident
this proof clicked for me and now im flying through it,Confident
is there a cool real world use case for the assignment instructions?,Curious
"Something about this Python error sparked my interest, tell me more.",Curious
"yesss got thermodynamics working, feeling good",Confident
Can someone explain this Python error? I have no idea what's going on.,Confused
"im not even worried about the reading assignment anymore, got it down",Confident
This error in the research paper thesis is driving me crazy.,Frustrated
"ugh the presentation slides again, so boring",Bored
"why does the history reading even work like that, genuinely curious",Curious
My brain just blanks every time I look at this lab report.,Confused
"so done with this physics problem set, nothing is working no matter what",Frustrated
"so done with the exam material, nothing is working no matter what",Frustrated
Something about the research paper thesis isn't making sense and I can't pinpoint why.,Confused
"this doesnt add up, machine learning basics seems contradictory",Confused
"why is this proof so dry, i can barely stay awake",Bored
"why does my code even work like that, genuinely curious",Curious
"Wait, I'm lost — how does the essay outline even work?",Confused
I've tried everything and the research paper thesis still isn't working for the group project.,Frustrated
I don't feel motivated to keep going through linear algebra right now.,Bored
"hmm what if we changed something in the research paper thesis, would that break it?",Curious
My brain just blanks every time I look at this grammar rule.,Confused
"just aced a practice question on this loop, feeling great",Confident
"no more stress over the reading assignment, i know what im doing",Confident
"Nothing I try fixes the reading assignment, I'm getting really frustrated.",Frustrated
I keep hitting the same wall with SQL joins and I'm over it.,Frustrated
"so frustrated rn, statistics homework just wont cooperate",Frustrated
I've got a good grip on this physics problem set during lab.,Confident
this lab report is being so difficult for no reason,Frustrated
This part of the coding assignment just doesn't add up to me.,Confused
"im mixing up the lecture notes with something else i think, so unclear",Confused
"Not gonna lie, the reading assignment is putting me to sleep right now.",Bored
I'm not sure what the question is even asking about thermodynamics.,Confused
cant tell whats going on with the reading assignment at all,Confused
Everything about the research paper thesis feels flat and uninteresting right now.,Bored
"my code is just... nothing new, kinda bored",Bored
I walked through this loop step by step and it clicked.,Confident
ive redone the biology diagram like 5 times and still broken,Frustrated
"I'm so close to giving up on photosynthesis, it's exhausting.",Frustrated
"Wait, that's actually interesting — how does object-oriented programming really work?",Curious
I'm out of patience with this calculus problem at this point.,Frustrated
I keep wanting to ask more questions about binary search.,Curious
This error in this Python error is driving me crazy.,Frustrated
This error in the lecture notes is driving me crazy.,Frustrated
so is this lab report used in real projects or just theory,Curious
I walked through machine learning basics step by step and it clicked.,Confident
"This part of this API used to trip me up, but not anymore.",Confident
"This is so annoying, this Python error keeps breaking no matter what I do.",Frustrated
"why is this economics concept so dry, i can barely stay awake",Bored
"that part about object-oriented programming was surprisingly interesting, more please",Curious
smh this grammar rule is dragging on forever,Bored
ive redone this API like 5 times and still broken,Frustrated
Can someone explain the presentation slides? I have no idea what's going on.,Confused
"just aced a practice question on SQL joins, feeling great",Confident
"solid on binary search now, ready for whatevers next",Confident
I'm not sure what the question is even asking about data structures.,Confused
the group project plan is being so difficult for no reason,Frustrated
"nailed it, the assignment instructions works exactly how it should now",Confident
"yesss got photosynthesis working, feeling good",Confident
"so frustrated rn, SQL joins just wont cooperate",Frustrated
"yesss got the essay outline working, feeling good",Confident
Is there a reason the group project plan works this way? I want to understand the why.,Curious
"Wait, that's actually interesting — how does this economics concept really work?",Curious
"This part of data structures used to trip me up, but not anymore.",Confident
Is there a reason photosynthesis works this way? I want to understand the why.,Curious
"Wait, that's actually interesting — how does the assignment instructions really work?",Curious
This error in this French verb tense is driving me crazy.,Frustrated
"I'm ready to tackle the coding assignment head on, no worries.",Confident
"I'm intrigued by this loop, is there a real-world example?",Curious
Feels great knowing I can handle the assignment instructions on my own now.,Confident
"I actually understand this API now, this makes sense.",Confident
"huh, i dont get algorithms and complexity at all",Confused
"huh, i dont get my code at all",Confused
I've got a good grip on this chemistry equation.,Confident
I've reread the lecture notes three times and I'm still confused.,Confused
I double-checked my work on the biology diagram and it all adds up.,Confident
